run_id,epoch,base_harm,beta,conformal_score,conformal_method,gamma,alpha,k,nDCG @ k,"H(S,X)",|S|,random_items,Recall @ k,items_exhaustes,Method,Collective,Report Strategy,Report Fraction,likes_softmax_temperature,topk_n
0,100,0.3,0.0,Harm,hybrid,0.6396067142486572,0.0023861602704314975,20,0.4727226895017705,0.0021475442433883476,19.727580035792403,0.8854643070192881,0.6193882980584663,0.7962900075487904,Conformal,0.005,tag,0.25,1.0,0
0,100,0.3,0.0,Harm,hybrid,0.6893246173858643,0.0022867369258301852,20,0.43225336319921576,0.00200835156094651,19.492344402465697,1.044541658381388,0.5941420315039239,0.8495432392174748,Conformal,0.005,tag,0.25,1.0,0
0,100,0.3,0.0,Harm,hybrid,0.7514718770980835,0.002187313581228873,20,0.4018622884919612,0.0017697355339033607,18.952674487969777,1.3680652217140585,0.5353361238416231,0.868203190904382,Conformal,0.005,tag,0.25,1.0,0
0,100,0.3,0.0,Harm,hybrid,0.8011897802352905,0.0020878902366275602,20,0.387810459229117,0.0016106581825412606,18.205408629946312,1.7983694571485385,0.4608613003111215,0.8717575794673058,Conformal,0.005,tag,0.25,1.0,0
0,100,0.3,0.0,Harm,hybrid,0.8260486125946045,0.001988466892026248,20,0.37997429987720627,0.0015112348379399483,17.69317955856035,2.0918671704116125,0.40946721120499585,0.8726761392815234,Conformal,0.005,tag,0.25,1.0,0
0,100,0.3,0.0,Harm,hybrid,0.8384780883789062,0.0018890435474249356,20,0.37477068899068805,0.0014416384967190297,17.396301451580833,2.2636707098826805,0.38173124164341815,0.8730414934755115,Conformal,0.005,tag,0.25,1.0,0
0,100,0.3,0.0,Harm,hybrid,0.8633370399475098,0.0017896202028236231,20,0.36764904116751346,0.0012626764764366674,16.785046728971963,2.65758600119308,0.32700248889058897,0.873599066287683,Conformal,0.005,tag,0.25,1.0,0
0,100,0.3,0.0,Harm,hybrid,0.8757665157318115,0.0016901968582223106,20,0.36091625853025355,0.0011632531318353549,16.43129846888049,2.887253927222112,0.299039317813508,0.8737507985121383,Conformal,0.005,tag,0.25,1.0,0
0,100,0.3,0.0,Harm,hybrid,0.9006253480911255,0.0015907735136209984,20,0.3523387121644504,0.0010638297872340426,15.674487969775303,3.412805726784649,0.24468681851983318,0.8739805266805882,Conformal,0.005,tag,0.25,1.0,0
0,100,0.3,0.0,Harm,hybrid,0.9130548238754272,0.001491350169019686,20,0.3471327430121793,0.000994233446013124,15.247961821435673,3.7124676874130045,0.21903406746377888,0.874045003737145,Conformal,0.005,tag,0.25,1.0,0
0,100,0.3,0.0,Harm,hybrid,0.925484299659729,0.0013919268244183736,20,0.34043466856258414,0.0008450984291111553,14.799363690594552,4.040763571286538,0.1968169309747906,0.8741224751909097,Conformal,0.005,tag,0.25,1.0,0
0,100,0.3,0.0,Harm,hybrid,0.925484299659729,0.001292503479817061,20,0.34043466856258414,0.0008450984291111553,14.799363690594552,4.040763571286538,0.1968169309747906,0.8741224751909097,Conformal,0.005,tag,0.25,1.0,0
0,100,0.3,0.0,Harm,hybrid,0.9627727270126343,0.0011930801352157488,20,0.3242529319608433,0.0006561940743686619,13.421157287731159,5.108570292304633,0.13696760261868393,0.8743405132170183,Conformal,0.005,tag,0.25,1.0,0
0,100,0.3,0.0,Harm,hybrid,0.975202202796936,0.0010936567906144365,20,0.31816527941954226,0.0005766553986876119,12.92503479817061,5.48936170212766,0.1221674231706832,0.8743719237806736,Conformal,0.005,tag,0.25,1.0,0
0,100,0.3,0.0,Harm,hybrid,0.9876315593719482,0.000994233446013124,20,0.3119618277768449,0.0005667130642274806,12.438854643070194,5.879498906343209,0.10803836269862421,0.8743970620039858,Conformal,0.005,tag,0.25,1.0,0
0,100,0.3,0.0,Harm,hybrid,1.00006103515625,0.0008948101014118116,20,0.3054976952595281,0.000497116723006562,11.97355339033605,6.2569099224497915,0.09574171055119479,0.8744352126439376,Conformal,0.005,tag,0.25,1.0,0
0,100,0.3,0.0,Harm,hybrid,1.0124905109405518,0.0007953867568104992,20,0.30036148467729334,0.00033803937164446216,11.512427918075163,6.627758997812687,0.08633642100884263,0.8744653292354847,Conformal,0.005,tag,0.25,1.0,0
0,100,0.3,0.0,Harm,hybrid,1.0249199867248535,0.0006959634122091868,20,0.295226770397541,0.000248558361503281,11.078345595545834,6.957645655199841,0.07837370622706387,0.8744739308389732,Conformal,0.005,tag,0.25,1.0,0
0,100,0.3,0.0,Harm,hybrid,1.0373494625091553,0.0005965400676078744,20,0.29009756292186756,0.00018890435474249354,10.66295486180155,7.258699542652614,0.07033687778217801,0.8744843802277318,Conformal,0.005,tag,0.25,1.0,0
0,100,0.3,0.0,Harm,hybrid,1.049778938293457,0.000497116723006562,20,0.2875402282916877,0.00013919268244183734,10.289520779479021,7.527540266454563,0.06382011067333873,0.8745009087483435,Conformal,0.005,tag,0.25,1.0,0
0,100,0.3,0.0,Harm,hybrid,1.0622084140777588,0.0003976933784052496,20,0.2822600397013248,0.00010936567906144364,9.954066414794193,7.752833565321137,0.058421838373928954,0.8745091408102326,Conformal,0.005,tag,0.25,1.0,0
0,100,0.3,0.0,Harm,hybrid,1.0994967222213745,0.0002982700338039372,20,0.27209006234007277,6.959634122091868e-05,9.229071385961424,8.214356730960429,0.04672887794048992,0.8745319370058895,Conformal,0.005,tag,0.25,1.0,0
0,100,0.3,0.0,Harm,hybrid,1.348085880279541,0.0001988466892026248,20,0.2593876045992857,2.982700338039372e-05,8.593358520580633,8.593358520580633,0.03588454918660777,0.8745500309549822,Conformal,0.005,tag,0.25,1.0,0
0,100,0.3,0.0,Harm,hybrid,1.348085880279541,9.94233446013124e-05,20,0.2593876045992857,2.982700338039372e-05,8.593358520580633,8.593358520580633,0.03588454918660777,0.8745500309549822,Conformal,0.005,tag,0.25,1.0,0
0,100,0.3,0.0,Harm,hybrid,0.0,-1.0,20,0.6092833011808225,0.0023861602704314975,20.0,0.0,0.46812612878712784,0.0,Conformal,0.005,tag,0.25,1.0,0
0,100,0.3,0.0,Harm,hybrid,1.348085880279541,0.0,20,0.2593876045992857,2.982700338039372e-05,8.593358520580633,8.593358520580633,0.03588454918660777,0.8745500309549822,Conformal,0.005,tag,0.25,1.0,0
1,100,0.3,0.0,Harm,hybrid,0.6607979536056519,0.002145965189873418,20,0.41122077977793947,0.0017108386075949367,19.09909018987342,1.2488132911392404,0.5529946683955531,0.8668008994146498,Conformal,0.005,tag,0.25,1.0,0
1,100,0.3,0.0,Harm,hybrid,0.7103491425514221,0.0020565499736286924,20,0.3946149600364266,0.0015822784810126582,18.466178797468356,1.5899920886075949,0.4898430060734006,0.8718383508925491,Conformal,0.005,tag,0.25,1.0,0
1,100,0.3,0.0,Harm,hybrid,0.7475125789642334,0.0019671347573839665,20,0.38351071175169266,0.0014141613924050635,17.780458860759495,1.9689477848101267,0.42268434033045,0.8732881793171446,Conformal,0.005,tag,0.25,1.0,0
1,100,0.3,0.0,Harm,hybrid,0.7599003911018372,0.0018777195411392408,20,0.37754360036725365,0.0014438291139240507,17.516020569620252,2.1319224683544302,0.3969453739927529,0.8736093187759073,Conformal,0.005,tag,0.25,1.0,0
1,100,0.3,0.0,Harm,hybrid,0.7722882032394409,0.001788304324894515,20,0.37274493519407287,0.0013746044303797468,17.23081487341772,2.3130933544303796,0.3704399859915974,0.873883425815077,Conformal,0.005,tag,0.25,1.0,0
1,100,0.3,0.0,Harm,hybrid,0.7970637679100037,0.0016988891086497893,20,0.36711344197622486,0.0012658227848101266,16.578520569620252,2.7357594936708862,0.3132402476461477,0.8742389808752632,Conformal,0.005,tag,0.25,1.0,0
1,100,0.3,0.0,Harm,hybrid,0.8218393921852112,0.0016094738924050634,20,0.3580691733283493,0.0011075949367088606,15.856210443037975,3.2329905063291138,0.2597025149834,0.8745083856714669,Conformal,0.005,tag,0.25,1.0,0
1,100,0.3,0.0,Harm,hybrid,0.8218393921852112,0.0015200586761603377,20,0.3580691733283493,0.0011075949367088606,15.856210443037975,3.2329905063291138,0.2597025149834,0.8745083856714669,Conformal,0.005,tag,0.25,1.0,0
1,100,0.3,0.0,Harm,hybrid,0.8342272043228149,0.001430643459915612,20,0.351807140526196,0.001028481012658228,15.448773734177216,3.517405063291139,0.23379319519700506,0.8746755675120695,Conformal,0.005,tag,0.25,1.0,0
1,100,0.3,0.0,Harm,hybrid,0.8466150164604187,0.0013412282436708863,20,0.34606051806037474,0.0009790348101265823,15.027492088607595,3.8188291139240507,0.2093222699846547,0.8748271135301477,Conformal,0.005,tag,0.25,1.0,0
1,100,0.3,0.0,Harm,hybrid,0.8466150164604187,0.0012518130274261606,20,0.34606051806037474,0.0009790348101265823,15.027492088607595,3.8188291139240507,0.2093222699846547,0.8748271135301477,Conformal,0.005,tag,0.25,1.0,0
1,100,0.3,0.0,Harm,hybrid,0.8590028285980225,0.0011623978111814346,20,0.3413668764668238,0.0008306962025316456,14.578125,4.153085443037975,0.1865105888751124,0.8748992483932329,Conformal,0.005,tag,0.25,1.0,0
1,100,0.3,0.0,Harm,hybrid,0.88377845287323,0.001072982594936709,20,0.3307971707675708,0.0006230221518987342,13.660403481012658,4.870846518987341,0.1494664421998941,0.8750090961830066,Conformal,0.005,tag,0.25,1.0,0
1,100,0.3,0.0,Harm,hybrid,0.896166205406189,0.0009835673786919832,20,0.32337131694918597,0.0005735759493670886,13.180973101265822,5.242879746835443,0.13183550009357928,0.8750769204298087,Conformal,0.005,tag,0.25,1.0,0
1,100,0.3,0.0,Harm,hybrid,0.9209418296813965,0.0008941521624472575,20,0.3133057192852713,0.0004153481012658228,12.245846518987342,6.0116693037974684,0.10510646082849633,0.8751700135049709,Conformal,0.005,tag,0.25,1.0,0
1,100,0.3,0.0,Harm,hybrid,0.9209418296813965,0.0008047369462025317,20,0.3133057192852713,0.0004153481012658228,12.245846518987342,6.0116693037974684,0.10510646082849633,0.8751700135049709,Conformal,0.005,tag,0.25,1.0,0
1,100,0.3,0.0,Harm,hybrid,0.9333296418190002,0.000715321729957806,20,0.30759397527654975,0.00031645569620253165,11.765822784810126,6.3900316455696204,0.0934573725624713,0.8752117646588053,Conformal,0.005,tag,0.25,1.0,0
1,100,0.3,0.0,Harm,hybrid,0.945717453956604,0.0006259065137130803,20,0.2998736956816733,0.0002867879746835443,11.30379746835443,6.751186708860759,0.083753833141657,0.8752459790487155,Conformal,0.005,tag,0.25,1.0,0
1,100,0.3,0.0,Harm,hybrid,0.9581052660942078,0.0005364912974683545,20,0.2970264724591619,0.00024723101265822786,10.862143987341772,7.073378164556962,0.07415776807663527,0.8752621239507067,Conformal,0.005,tag,0.25,1.0,0
1,100,0.3,0.0,Harm,hybrid,0.9828808307647705,0.00044707608122362876,20,0.28609289017215656,0.00017800632911392405,10.111946202531646,7.5965189873417724,0.0609125767677542,0.875305660879336,Conformal,0.005,tag,0.25,1.0,0
1,100,0.3,0.0,Harm,hybrid,0.9952686429023743,0.000357660864978903,20,0.2834770189922029,0.00013844936708860757,9.811708860759493,7.807753164556962,0.05664374359264805,0.8753267988820518,Conformal,0.005,tag,0.25,1.0,0
1,100,0.3,0.0,Harm,hybrid,1.106758952140808,0.00026824564873417724,20,0.26356090925373477,3.9556962025316456e-05,8.685126582278482,8.52946993670886,0.03817467337889997,0.8753615093482984,Conformal,0.005,tag,0.25,1.0,0
1,100,0.3,0.0,Harm,hybrid,1.2678003311157227,0.0001788304324894515,20,0.2610505106767767,3.9556962025316456e-05,8.582871835443038,8.582476265822784,0.03624020391860674,0.8753615093482984,Conformal,0.005,tag,0.25,1.0,0
1,100,0.3,0.0,Harm,hybrid,1.2678003311157227,8.941521624472575e-05,20,0.2610505106767767,3.9556962025316456e-05,8.582871835443038,8.582476265822784,0.03624020391860674,0.8753615093482984,Conformal,0.005,tag,0.25,1.0,0
1,100,0.3,0.0,Harm,hybrid,0.0,-1.0,20,0.6084652086877983,0.002145965189873418,20.0,0.0,0.46817527994023833,0.0,Conformal,0.005,tag,0.25,1.0,0
1,100,0.3,0.0,Harm,hybrid,1.2678003311157227,0.0,20,0.2610505106767767,3.9556962025316456e-05,8.582871835443038,8.582476265822784,0.03624020391860674,0.8753615093482984,Conformal,0.005,tag,0.25,1.0,0
2,100,0.3,0.0,Harm,hybrid,0.5785834193229675,0.0023677432137903707,20,0.505165394958277,0.0021200713295026746,19.8357440063404,0.755696453338617,0.6238666623801004,0.7257814635261893,Conformal,0.005,tag,0.25,1.0,0
2,100,0.3,0.0,Harm,hybrid,0.6046786308288574,0.0022690872465491053,20,0.4791959226476621,0.002110164454131167,19.77214186645532,0.8105805428967704,0.6166110352336299,0.7826879531615591,Conformal,0.005,tag,0.25,1.0,0
2,100,0.3,0.0,Harm,hybrid,0.6438215374946594,0.00217043127930784,20,0.4448902468366623,0.0020408163265306124,19.60887656033287,0.9235189221319596,0.599007724654041,0.8348268181768158,Conformal,0.005,tag,0.25,1.0,0
2,100,0.3,0.0,Harm,hybrid,0.6829643845558167,0.0020717753120665745,20,0.4189035532128525,0.0019714681989300574,19.323954824648307,1.0945115910441847,0.5706146575717423,0.8585680683872987,Conformal,0.005,tag,0.25,1.0,0
2,100,0.3,0.0,Harm,hybrid,0.735154926776886,0.0019731193448253087,20,0.39971686785418714,0.0019417475728155341,18.766990291262136,1.4083614028135527,0.5160995057075922,0.8678023130914666,Conformal,0.005,tag,0.25,1.0,0
2,100,0.3,0.0,Harm,hybrid,0.7742977738380432,0.0018744633775840435,20,0.38522877081523477,0.0017733306914999012,18.137705567663957,1.758272240935209,0.4528629203398217,0.8699242180788714,Conformal,0.005,tag,0.25,1.0,0
2,100,0.3,0.0,Harm,hybrid,0.7873454093933105,0.001775807410342778,20,0.38265726943693174,0.0018228650683574403,17.893600158510004,1.901129383792352,0.4282307490505,0.8702467815894839,Conformal,0.005,tag,0.25,1.0,0
2,100,0.3,0.0,Harm,hybrid,0.8134406805038452,0.0016771514431015125,20,0.3740291568523504,0.0016346344362987914,17.310877749157914,2.2512383594214387,0.37360173985820155,0.8707083991239846,Conformal,0.005,tag,0.25,1.0,0
2,100,0.3,0.0,Harm,hybrid,0.8264883160591125,0.0015784954758602471,20,0.3702512099504963,0.0015751931840697444,16.994055874777096,2.448187041807014,0.3453574999358336,0.8709388161091369,Conformal,0.005,tag,0.25,1.0,0
2,100,0.3,0.0,Harm,hybrid,0.8525835275650024,0.0014798395086189817,20,0.36098332613439976,0.0013869625520110957,16.269268872597582,2.921735684565088,0.285873557487116,0.8712853456225568,Conformal,0.005,tag,0.25,1.0,0
2,100,0.3,0.0,Harm,hybrid,0.8656311631202698,0.0013811835413777163,20,0.3542999972899618,0.0012779869229245099,15.84882108183079,3.1965524073707154,0.25626073632650814,0.871386562097942,Conformal,0.005,tag,0.25,1.0,0
2,100,0.3,0.0,Harm,hybrid,0.8786787986755371,0.0012825275741364507,20,0.34875570521873556,0.0011194769169803845,15.423023578363384,3.5046562314246086,0.2303919184407225,0.871550411491945,Conformal,0.005,tag,0.25,1.0,0
2,100,0.3,0.0,Harm,hybrid,0.8917264342308044,0.0011838716068951853,20,0.34308637091884703,0.000980780661779275,14.982960174361006,3.831781256191797,0.20566842257219736,0.8717044228894577,Conformal,0.005,tag,0.25,1.0,0
2,100,0.3,0.0,Harm,hybrid,0.904774010181427,0.00108521563965392,20,0.33918553478563773,0.0008420844065781652,14.504854368932039,4.209233207846245,0.18308223958238434,0.8717998010491722,Conformal,0.005,tag,0.25,1.0,0
2,100,0.3,0.0,Harm,hybrid,0.9178216457366943,0.0009865596724126543,20,0.33203756114860006,0.0007628294036061026,14.009312462849218,4.574004359025164,0.16234322881774915,0.87185857587869,Conformal,0.005,tag,0.25,1.0,0
2,100,0.3,0.0,Harm,hybrid,0.9308692812919617,0.000887903705171389,20,0.32698423579081465,0.0006538537745195166,13.512581731721815,4.959976223499108,0.14296396146413107,0.8719028422175795,Conformal,0.005,tag,0.25,1.0,0
2,100,0.3,0.0,Harm,hybrid,0.9569645524024963,0.0007892477379301236,20,0.31257360317800265,0.0005052506439468992,12.494353081038241,5.770953041410739,0.1111627108464116,0.871997423937889,Conformal,0.005,tag,0.25,1.0,0
2,100,0.3,0.0,Harm,hybrid,0.9700121879577637,0.0006905917706888582,20,0.3078654330438007,0.00043590251634634437,12.024172775906479,6.172379631464236,0.09959433615632682,0.8720114490657447,Conformal,0.005,tag,0.25,1.0,0
2,100,0.3,0.0,Harm,hybrid,0.9961073994636536,0.0005919358034475927,20,0.2954258484652636,0.000287299385773727,11.062017039825639,6.912026946701011,0.07749366090380064,0.8720413730533954,Conformal,0.005,tag,0.25,1.0,0
2,100,0.3,0.0,Harm,hybrid,1.009155035018921,0.0004932798362063272,20,0.28944268579248855,0.00022785813354468003,10.622548048345552,7.238953833960768,0.06995921561306478,0.8720530254121119,Conformal,0.005,tag,0.25,1.0,0
2,100,0.3,0.0,Harm,hybrid,1.022202730178833,0.0003946238689650618,20,0.28536805907606405,0.00021795125817317219,10.242916584109372,7.520309094511591,0.06348192201540695,0.8720613383746358,Conformal,0.005,tag,0.25,1.0,0
2,100,0.3,0.0,Harm,hybrid,1.0743931531906128,0.00029596790172379633,20,0.2710665172678056,9.906875371507826e-05,9.180503269268872,8.221121458292055,0.046604910265724615,0.8720834917461303,Conformal,0.005,tag,0.25,1.0,0
2,100,0.3,0.0,Harm,hybrid,1.3222980499267578,0.0001973119344825309,20,0.2598958012416437,3.962750148603131e-05,8.58351495938181,8.583118684366951,0.034930866580826,0.8721038770275362,Conformal,0.005,tag,0.25,1.0,0
2,100,0.3,0.0,Harm,hybrid,1.3222980499267578,9.865596724126544e-05,20,0.2598958012416437,3.962750148603131e-05,8.58351495938181,8.583118684366951,0.034930866580826,0.8721038770275362,Conformal,0.005,tag,0.25,1.0,0
2,100,0.3,0.0,Harm,hybrid,0.0,-1.0,20,0.603785055140103,0.0023677432137903707,20.0,0.0,0.4614950579107474,0.0,Conformal,0.005,tag,0.25,1.0,0
2,100,0.3,0.0,Harm,hybrid,1.3222980499267578,0.0,20,0.2598958012416437,3.962750148603131e-05,8.58351495938181,8.583118684366951,0.034930866580826,0.8721038770275362,Conformal,0.005,tag,0.25,1.0,0
3,100,0.3,0.0,Harm,hybrid,0.49760571122169495,0.002401270093272475,20,0.5711248505481682,0.002302044056360389,19.947608652510418,0.6294899781702719,0.6409032955789309,0.47687871421176775,Conformal,0.005,tag,0.25,1.0,0
3,100,0.3,0.0,Harm,hybrid,0.5348905920982361,0.002301217172719455,20,0.5442922508490701,0.0022028180194483037,19.912284183369717,0.7174042468743799,0.6374072423963382,0.608138343075037,Conformal,0.005,tag,0.25,1.0,0
3,100,0.3,0.0,Harm,hybrid,0.5721755027770996,0.002201164252166435,20,0.511601288685404,0.00215320500099226,19.849573328041277,0.8023417344711252,0.6313340046945248,0.7243826660846795,Conformal,0.005,tag,0.25,1.0,0
3,100,0.3,0.0,Harm,hybrid,0.6343169212341309,0.0021011113316134152,20,0.44768307677178304,0.002093669378845009,19.638618773566183,0.9700337368525501,0.6068155326813489,0.833965262639443,Conformal,0.005,tag,0.25,1.0,0
3,100,0.3,0.0,Harm,hybrid,0.6840300559997559,0.002001058411060396,20,0.41512767193531563,0.0020142885493153405,19.293510617185948,1.1680889065290732,0.5704419732818117,0.862732054024928,Conformal,0.005,tag,0.25,1.0,0
3,100,0.3,0.0,Harm,hybrid,0.7213150262832642,0.001901005490507376,20,0.39698745723486334,0.0018654494939472118,18.89620956538996,1.3917443937289145,0.5307955100189296,0.869710158547305,Conformal,0.005,tag,0.25,1.0,0
3,100,0.3,0.0,Harm,hybrid,0.7585998773574829,0.001800952569954356,20,0.3862168118037618,0.0017166104385790831,18.34669577297083,1.68505655884104,0.4757790301021135,0.872237397019045,Conformal,0.005,tag,0.25,1.0,0
3,100,0.3,0.0,Harm,hybrid,0.7834564447402954,0.0017008996494013364,20,0.38211826624820694,0.0016868426275054573,17.878745782893432,1.9446318714030562,0.4301858550305341,0.8730362071689233,Conformal,0.005,tag,0.25,1.0,0
3,100,0.3,0.0,Harm,hybrid,0.7958847284317017,0.0016008467288483165,20,0.37779801263960505,0.0016570748164318316,17.61381226433816,2.100813653502679,0.4025893089713019,0.8732815103685823,Conformal,0.005,tag,0.25,1.0,0
3,100,0.3,0.0,Harm,hybrid,0.8207412958145142,0.0015007938082952966,20,0.3692198896912161,0.0015380035721373289,17.02659257789244,2.465370113117682,0.3472588707093471,0.8736918821837518,Conformal,0.005,tag,0.25,1.0,0
3,100,0.3,0.0,Harm,hybrid,0.8580261468887329,0.001400740887742277,20,0.35606362195564834,0.0012006350466362374,15.963881722564,3.186346497320897,0.26409825490370303,0.8740885229415963,Conformal,0.005,tag,0.25,1.0,0
3,100,0.3,0.0,Harm,hybrid,0.8580261468887329,0.001300687967189257,20,0.35606362195564834,0.0012006350466362374,15.963881722564,3.186346497320897,0.26409825490370303,0.8740885229415963,Conformal,0.005,tag,0.25,1.0,0
3,100,0.3,0.0,Harm,hybrid,0.8828827142715454,0.0012006350466362374,20,0.34298830067430225,0.0010121055765032745,15.136336574717205,3.7872593768604883,0.21340556127722426,0.8742958021071294,Conformal,0.005,tag,0.25,1.0,0
3,100,0.3,0.0,Harm,hybrid,0.8953111171722412,0.0011005821260832176,20,0.33789669238459064,0.0009029569358999802,14.691605477277237,4.106965667791228,0.1904333319098,0.8743614912626279,Conformal,0.005,tag,0.25,1.0,0
3,100,0.3,0.0,Harm,hybrid,0.9077394008636475,0.001000529205530198,20,0.3344041132689565,0.0007938082952966859,14.249057352649336,4.452073824171463,0.17053297490869723,0.874417698155484,Conformal,0.005,tag,0.25,1.0,0
3,100,0.3,0.0,Harm,hybrid,0.9201676845550537,0.000900476284977178,20,0.3273710779515143,0.0007045048620758086,13.778130581464577,4.818813256598531,0.152211127096541,0.8744415329778696,Conformal,0.005,tag,0.25,1.0,0
3,100,0.3,0.0,Harm,hybrid,0.9450242519378662,0.0008004233644241583,20,0.31484819451918344,0.0005457432030164715,12.836475491168883,5.572137328835086,0.11993873431251667,0.8745123789132093,Conformal,0.005,tag,0.25,1.0,0
3,100,0.3,0.0,Harm,hybrid,0.9574525356292725,0.0007003704438711385,20,0.3093589316807939,0.00047628497717801157,12.352252431037904,5.946814844215122,0.10686177090761581,0.8745499273131563,Conformal,0.005,tag,0.25,1.0,0
3,100,0.3,0.0,Harm,hybrid,0.9698808193206787,0.0006003175233181187,20,0.3032293386804585,0.00035721373288350865,11.870410795792816,6.330224250843421,0.09513848823092758,0.8745981543389031,Conformal,0.005,tag,0.25,1.0,0
3,100,0.3,0.0,Harm,hybrid,0.982309103012085,0.000500264602765099,20,0.2975844174053537,0.00028775550704504863,11.410795792816035,6.694185354236952,0.08492681535730583,0.8746245553280088,Conformal,0.005,tag,0.25,1.0,0
3,100,0.3,0.0,Harm,hybrid,1.0071656703948975,0.0004002116822120791,20,0.28882011977335625,0.00024806509228021434,10.569557451875372,7.323873784481048,0.06942226710685978,0.8746547731954355,Conformal,0.005,tag,0.25,1.0,0
3,100,0.3,0.0,Harm,hybrid,1.0444505214691162,0.00030015876165905936,20,0.27729795129000717,0.00011907124429450289,9.600714427465768,7.984520738241715,0.053977183044613436,0.8746902475525389,Conformal,0.005,tag,0.25,1.0,0
3,100,0.3,0.0,Harm,hybrid,1.280588150024414,0.00020010584110603956,20,0.2589847042056164,2.9767811073625723e-05,8.610438579083151,8.608255606271085,0.03656939555273878,0.8747125176661132,Conformal,0.005,tag,0.25,1.0,0
3,100,0.3,0.0,Harm,hybrid,1.280588150024414,0.00010005292055301978,20,0.2589847042056164,2.9767811073625723e-05,8.610438579083151,8.608255606271085,0.03656939555273878,0.8747125176661132,Conformal,0.005,tag,0.25,1.0,0
3,100,0.3,0.0,Harm,hybrid,0.0,-1.0,20,0.6080212303303771,0.002401270093272475,20.0,0.0,0.468917975881716,0.0,Conformal,0.005,tag,0.25,1.0,0
3,100,0.3,0.0,Harm,hybrid,1.280588150024414,0.0,20,0.2589847042056164,2.9767811073625723e-05,8.610438579083151,8.608255606271085,0.03656939555273878,0.8747125176661132,Conformal,0.005,tag,0.25,1.0,0
4,100,0.3,0.0,Harm,hybrid,0.6575334072113037,0.0023715022821988486,20,0.5257453170944131,0.002262353641595555,19.882913276443738,0.804326255209367,0.6319901377224841,0.6860331851459074,Conformal,0.005,tag,0.25,1.0,0
4,100,0.3,0.0,Harm,hybrid,0.7221313714981079,0.00227268968710723,20,0.45931365146190123,0.002103591982536218,19.691010121055765,0.9696368327049018,0.6113733136128805,0.8226405504336327,Conformal,0.005,tag,0.25,1.0,0
4,100,0.3,0.0,Harm,hybrid,0.7738097310066223,0.0021738770920156116,20,0.4231940192621731,0.002024211153006549,19.379837269299465,1.1706687834887874,0.5789331278600734,0.8625161010538536,Conformal,0.005,tag,0.25,1.0,0
4,100,0.3,0.0,Harm,hybrid,0.8125684857368469,0.0020750644969239926,20,0.4050210487120088,0.002004365945624132,19.007739630879144,1.3859892835880134,0.5427771766937803,0.87132304476324,Conformal,0.005,tag,0.25,1.0,0
4,100,0.3,0.0,Harm,hybrid,0.8642468452453613,0.001976251901832374,20,0.3889638213979039,0.0018257590791823776,18.262750545743202,1.8001587616590593,0.46788129337264656,0.8755305861792814,Conformal,0.005,tag,0.25,1.0,0
4,100,0.3,0.0,Harm,hybrid,0.8771664500236511,0.0018774393067407553,20,0.38541124033748336,0.0017959912681087516,18.028775550704506,1.939869021631276,0.44400099026320233,0.8758767608653277,Conformal,0.005,tag,0.25,1.0,0
4,100,0.3,0.0,Harm,hybrid,0.9030055999755859,0.0017786267116491365,20,0.37906833786080407,0.0016273070053582058,17.466759277634452,2.270093272474697,0.3902448493638297,0.8766411126172048,Conformal,0.005,tag,0.25,1.0,0
4,100,0.3,0.0,Harm,hybrid,0.9159252047538757,0.001679814116557518,20,0.3740719393914239,0.0014685453462988688,17.160150823576107,2.468743798372693,0.36078871012585406,0.8769477816120002,Conformal,0.005,tag,0.25,1.0,0
4,100,0.3,0.0,Harm,hybrid,0.9417643547058105,0.0015810015214658992,20,0.36434884364273556,0.0012502480650922801,16.44810478269498,2.9255804723159358,0.3017633715746409,0.8773554584713104,Conformal,0.005,tag,0.25,1.0,0
4,100,0.3,0.0,Harm,hybrid,0.9546839594841003,0.0014821889263742804,20,0.3602618152108283,0.001230402857709863,16.06330621154991,3.185155784877952,0.2743489947172431,0.8775405881816197,Conformal,0.005,tag,0.25,1.0,0
4,100,0.3,0.0,Harm,hybrid,0.9805231094360352,0.0013833763312826619,20,0.3495672102365747,0.0009823377654296487,15.236356419924588,3.7930144870013893,0.21932963032925124,0.8779231558219242,Conformal,0.005,tag,0.25,1.0,0
4,100,0.3,0.0,Harm,hybrid,0.993442714214325,0.001284563736191043,20,0.34438852360804595,0.0009128795395911887,14.779916650128994,4.11847588807303,0.19489104725200485,0.8780071916150677,Conformal,0.005,tag,0.25,1.0,0
4,100,0.3,0.0,Harm,hybrid,1.0063623189926147,0.0011857511410994243,20,0.33824466551637944,0.0008632665211351458,14.324866044850168,4.467553085929748,0.17394174313872496,0.8781127689830976,Conformal,0.005,tag,0.25,1.0,0
4,100,0.3,0.0,Harm,hybrid,1.0192818641662598,0.0010869385460078058,20,0.3322688943929849,0.0007541178805318515,13.830918833101807,4.842825957531256,0.15423865392619174,0.8782194245462026,Conformal,0.005,tag,0.25,1.0,0
4,100,0.3,0.0,Harm,hybrid,1.0322015285491943,0.000988125950916187,20,0.32653880156162174,0.0006548918436197658,13.330422702917245,5.255407819011709,0.13599721146723723,0.8782857753028493,Conformal,0.005,tag,0.25,1.0,0
4,100,0.3,0.0,Harm,hybrid,1.0580406188964844,0.0008893133558245682,20,0.31397326309340895,0.0005159753919428458,12.320500099226036,6.038102798174241,0.10605333959435129,0.8783754580292777,Conformal,0.005,tag,0.25,1.0,0
4,100,0.3,0.0,Harm,hybrid,1.070960283279419,0.0007905007607329496,20,0.30836440514357827,0.0004266719587219687,11.80928755705497,6.415360190513991,0.0943345925475178,0.8783891305125808,Conformal,0.005,tag,0.25,1.0,0
4,100,0.3,0.0,Harm,hybrid,1.096799373626709,0.0006916881656413309,20,0.2964015197023558,0.00034729112919230004,10.874181385195476,7.124032546140107,0.07525469310468147,0.8784191951513777,Conformal,0.005,tag,0.25,1.0,0
4,100,0.3,0.0,Harm,hybrid,1.1097190380096436,0.0005928755705497122,20,0.29263787362994614,0.00027783290335384,10.471323675332407,7.417741615399881,0.06806964611078589,0.878426298302529,Conformal,0.005,tag,0.25,1.0,0
4,100,0.3,0.0,Harm,hybrid,1.1226387023925781,0.0004940629754580935,20,0.2876628187864501,0.0002282198848977972,10.08989878944235,7.654296487398294,0.062009713576102556,0.8784354949491145,Conformal,0.005,tag,0.25,1.0,0
4,100,0.3,0.0,Harm,hybrid,1.1613973379135132,0.0003952503803664748,20,0.2774808291612351,0.00012899384798571145,9.313157372494542,8.17364556459615,0.04980979052481396,0.8784534767843397,Conformal,0.005,tag,0.25,1.0,0
4,100,0.3,0.0,Harm,hybrid,1.1872365474700928,0.0002964377852748561,20,0.27176541721443853,0.00010914864060329431,9.00714427465767,8.36296884302441,0.044735549103499216,0.8784585549143292,Conformal,0.005,tag,0.25,1.0,0
4,100,0.3,0.0,Harm,hybrid,1.4068695306777954,0.0001976251901832374,20,0.26578301045766856,3.9690414764834295e-05,8.604485016868427,8.603095852351657,0.037572478619717284,0.8784678388575003,Conformal,0.005,tag,0.25,1.0,0
4,100,0.3,0.0,Harm,hybrid,1.4068695306777954,9.88125950916187e-05,20,0.26578301045766856,3.9690414764834295e-05,8.604485016868427,8.603095852351657,0.037572478619717284,0.8784678388575003,Conformal,0.005,tag,0.25,1.0,0
4,100,0.3,0.0,Harm,hybrid,0.0,-1.0,20,0.6091084617551448,0.0023715022821988486,20.0,0.0,0.46932501105957436,0.0,Conformal,0.005,tag,0.25,1.0,0
4,100,0.3,0.0,Harm,hybrid,1.4068695306777954,0.0,20,0.26578301045766856,3.9690414764834295e-05,8.604485016868427,8.603095852351657,0.037572478619717284,0.8784678388575003,Conformal,0.005,tag,0.25,1.0,0
5,100,0.3,0.0,Harm,hybrid,0.5222408175468445,0.0023459244532803183,20,0.53475350072216,0.0021968190854870775,19.907355864811134,0.7874751491053678,0.6351835957986978,0.6452719757131868,Conformal,0.005,tag,0.25,1.0,0
5,100,0.3,0.0,Harm,hybrid,0.5461435317993164,0.002248177601060305,20,0.5122915987092257,0.002166998011928429,19.862425447316102,0.8393638170974155,0.6317025782930663,0.7164869072633976,Conformal,0.005,tag,0.25,1.0,0
5,100,0.3,0.0,Harm,hybrid,0.6537058353424072,0.002150430748840292,20,0.41994361225702115,0.0020079522862823064,19.37455268389662,1.183300198807157,0.5776810372370526,0.8606065918857361,Conformal,0.005,tag,0.25,1.0,0
5,100,0.3,0.0,Harm,hybrid,0.6776084899902344,0.0020526838966202785,20,0.4077359402880463,0.0020377733598409544,19.163618290258448,1.3222664015904573,0.5543073132019254,0.867383093196955,Conformal,0.005,tag,0.25,1.0,0
5,100,0.3,0.0,Harm,hybrid,0.7015112638473511,0.001954937044400265,20,0.40041895110583897,0.0018290258449304177,18.891650099403577,1.48051689860835,0.52691324753869,0.8710474533636441,Conformal,0.005,tag,0.25,1.0,0
5,100,0.3,0.0,Harm,hybrid,0.7254139184951782,0.001857190192180252,20,0.3926632454011478,0.001650099403578529,18.5506958250497,1.666003976143141,0.4935733716344555,0.8728315583417623,Conformal,0.005,tag,0.25,1.0,0
5,100,0.3,0.0,Harm,hybrid,0.7732193470001221,0.0017594433399602386,20,0.3762716218872456,0.0014115308151093438,17.65407554671968,2.1767395626242543,0.4049873160472952,0.8751196170299754,Conformal,0.005,tag,0.25,1.0,0
5,100,0.3,0.0,Harm,hybrid,0.8090734481811523,0.0016616964877402254,20,0.36410770078270255,0.00121272365805169,16.79045725646123,2.72286282306163,0.32478566488431443,0.8756231310503934,Conformal,0.005,tag,0.25,1.0,0
5,100,0.3,0.0,Harm,hybrid,0.8210247755050659,0.0015639496355202122,20,0.3599543484617635,0.0011829025844930419,16.45248508946322,2.948707753479125,0.29837600369591855,0.8758106231884356,Conformal,0.005,tag,0.25,1.0,0
5,100,0.3,0.0,Harm,hybrid,0.8329761028289795,0.001466202783300199,20,0.3551557199425788,0.001073558648111332,16.08548707753479,3.1990059642147117,0.27175404272380466,0.875914367651097,Conformal,0.005,tag,0.25,1.0,0
5,100,0.3,0.0,Harm,hybrid,0.8449275493621826,0.0013684559310801858,20,0.35174066484439775,0.0010139165009940359,15.709145129224652,3.457057654075547,0.2476134840261997,0.8759949626044209,Conformal,0.005,tag,0.25,1.0,0
5,100,0.3,0.0,Harm,hybrid,0.8568788766860962,0.0012707090788601724,20,0.34475399060960776,0.000974155069582505,15.306163021868787,3.7429423459244533,0.2234008907348129,0.876081761487449,Conformal,0.005,tag,0.25,1.0,0
5,100,0.3,0.0,Harm,hybrid,0.8688302040100098,0.0011729622266401592,20,0.33953597447516143,0.0008946322067594434,14.871769383697814,4.051888667992047,0.20080742831033657,0.8761700219978931,Conformal,0.005,tag,0.25,1.0,0
5,100,0.3,0.0,Harm,hybrid,0.8807816505432129,0.001075215374420146,20,0.3341538761572228,0.0008449304174950298,14.428230616302187,4.378926441351888,0.17943977141656392,0.8762595200701288,Conformal,0.005,tag,0.25,1.0,0
5,100,0.3,0.0,Harm,hybrid,0.8927329778671265,0.0009774685222001325,20,0.33081893440074356,0.000705765407554672,13.975149105367793,4.725844930417495,0.15979745870588893,0.8763345097850859,Conformal,0.005,tag,0.25,1.0,0
5,100,0.3,0.0,Harm,hybrid,0.9166356325149536,0.0008797216699801193,20,0.3191356785443936,0.0005864811133200796,13.05924453280318,5.426640159045726,0.1272695824691359,0.8763965715001069,Conformal,0.005,tag,0.25,1.0,0
5,100,0.3,0.0,Harm,hybrid,0.9524897336959839,0.0007819748177601061,20,0.30502144955438526,0.0004075546719681909,11.685884691848907,6.506163021868788,0.09135823340236952,0.8765427798911405,Conformal,0.005,tag,0.25,1.0,0
5,100,0.3,0.0,Harm,hybrid,0.9644410610198975,0.0006842279655400929,20,0.2970257283593856,0.0003578528827037774,11.253479125248509,6.851093439363817,0.08163882034161134,0.8765661002797854,Conformal,0.005,tag,0.25,1.0,0
5,100,0.3,0.0,Harm,hybrid,0.9883438348770142,0.0005864811133200796,20,0.2891797557883388,0.00029821073558648114,10.458846918489066,7.415705765407555,0.06676508603035355,0.8765991833758503,Conformal,0.005,tag,0.25,1.0,0
5,100,0.3,0.0,Harm,hybrid,1.0002951622009277,0.0004887342611000663,20,0.2849376427835805,0.00023856858846918488,10.108946322067595,7.641153081510934,0.061725478389903596,0.8766055943815787,Conformal,0.005,tag,0.25,1.0,0
5,100,0.3,0.0,Harm,hybrid,1.036149263381958,0.00039098740888005305,20,0.2760911165426316,0.00014910536779324057,9.342147117296223,8.129025844930418,0.04926799443631116,0.8766298624880543,Conformal,0.005,tag,0.25,1.0,0
5,100,0.3,0.0,Harm,hybrid,1.0839546918869019,0.0002932405566600398,20,0.2665546819781167,7.952286282306163e-05,8.83300198807157,8.437773359840953,0.04147461479986454,0.8766448934679231,Conformal,0.005,tag,0.25,1.0,0
5,100,0.3,0.0,Harm,hybrid,1.2632250785827637,0.00019549370444002653,20,0.2625048314299116,4.970178926441352e-05,8.573161033797216,8.5727634194831,0.03649230629186805,0.876660189709721,Conformal,0.005,tag,0.25,1.0,0
5,100,0.3,0.0,Harm,hybrid,1.2632250785827637,9.774685222001326e-05,20,0.2625048314299116,4.970178926441352e-05,8.573161033797216,8.5727634194831,0.03649230629186805,0.876660189709721,Conformal,0.005,tag,0.25,1.0,0
5,100,0.3,0.0,Harm,hybrid,0.0,-1.0,20,0.6062654886579741,0.0023459244532803183,20.0,0.0,0.4684975783713312,0.0,Conformal,0.005,tag,0.25,1.0,0
5,100,0.3,0.0,Harm,hybrid,1.2632250785827637,0.0,20,0.2625048314299116,4.970178926441352e-05,8.573161033797216,8.5727634194831,0.03649230629186805,0.876660189709721,Conformal,0.005,tag,0.25,1.0,0
6,100,0.3,0.0,Harm,hybrid,0.5149345397949219,0.0023894507237755304,20,0.5607942484841592,0.0022605591909577636,19.934166170930002,0.6462423160816974,0.6415782006520234,0.5318431043357152,Conformal,0.005,tag,0.25,1.0,0
6,100,0.3,0.0,Harm,hybrid,0.5656196475028992,0.00228989027695155,20,0.519447467347279,0.0021614118580210195,19.857029545905217,0.760261748958953,0.6346739037721434,0.6959928860522611,Conformal,0.005,tag,0.25,1.0,0
6,100,0.3,0.0,Harm,hybrid,0.6289761066436768,0.0021903298301275695,20,0.456860456023783,0.001963117192147531,19.660519532024587,0.9250446162998215,0.6127674990626518,0.8253491994643457,Conformal,0.005,tag,0.25,1.0,0
6,100,0.3,0.0,Harm,hybrid,0.6543186902999878,0.002090769383303589,20,0.43695096422727925,0.001903628792385485,19.52290303390839,1.0120959746182827,0.5990168858466974,0.8478648956047209,Conformal,0.005,tag,0.25,1.0,0
6,100,0.3,0.0,Harm,hybrid,0.7176750898361206,0.0019912089364796087,20,0.4030288705338903,0.0017747372595677176,18.986317668054728,1.3325401546698394,0.5436940907514869,0.8701828378975732,Conformal,0.005,tag,0.25,1.0,0
6,100,0.3,0.0,Harm,hybrid,0.7556889653205872,0.0018916484896556282,20,0.3906681756502706,0.0015466983938132067,18.493753718024983,1.6161015268689272,0.49224301031862044,0.8739173124122461,Conformal,0.005,tag,0.25,1.0,0
6,100,0.3,0.0,Harm,hybrid,0.7810315489768982,0.0017920880428316478,20,0.3816550018468435,0.001437636327582788,18.030933967876265,1.87606583382907,0.4453293820044409,0.87499601323958,Conformal,0.005,tag,0.25,1.0,0
6,100,0.3,0.0,Harm,hybrid,0.81904536485672,0.0016925275960076674,20,0.371542298929829,0.0014178068609954392,17.22843545508626,2.3521713265913147,0.3642871867694738,0.8759555664750196,Conformal,0.005,tag,0.25,1.0,0
6,100,0.3,0.0,Harm,hybrid,0.81904536485672,0.001592967149183687,20,0.371542298929829,0.0014178068609954392,17.22843545508626,2.3521713265913147,0.3642871867694738,0.8759555664750196,Conformal,0.005,tag,0.25,1.0,0
6,100,0.3,0.0,Harm,hybrid,0.844387948513031,0.0014934067023597065,20,0.36236100155973167,0.0012591711282966488,16.534205829863176,2.7971445568114217,0.30609601935567055,0.8762459730941965,Conformal,0.005,tag,0.25,1.0,0
6,100,0.3,0.0,Harm,hybrid,0.8570592403411865,0.001393846255535726,20,0.35753497246416,0.0012195121951219512,16.16894705532421,3.0444180051556615,0.277922570416419,0.8763832315942104,Conformal,0.005,tag,0.25,1.0,0
6,100,0.3,0.0,Harm,hybrid,0.8824018239974976,0.0012942858087117456,20,0.3471581184220229,0.0009518143961927425,15.337299226650803,3.6230418401744995,0.2245935938733376,0.8766738472338488,Conformal,0.005,tag,0.25,1.0,0
6,100,0.3,0.0,Harm,hybrid,0.8824018239974976,0.0011947253618877652,20,0.3471581184220229,0.0009518143961927425,15.337299226650803,3.6230418401744995,0.2245935938733376,0.8766738472338488,Conformal,0.005,tag,0.25,1.0,0
6,100,0.3,0.0,Harm,hybrid,0.8950731158256531,0.0010951649150637848,20,0.3428653564731499,0.0009518143961927424,14.892722585762442,3.9526075748562364,0.20143825107261842,0.8767808927741735,Conformal,0.005,tag,0.25,1.0,0
6,100,0.3,0.0,Harm,hybrid,0.9204156994819641,0.0009956044682398043,20,0.3299383081628563,0.0006742018639698592,13.943287725560182,4.665080309339679,0.158463534515655,0.8769606211603049,Conformal,0.005,tag,0.25,1.0,0
6,100,0.3,0.0,Harm,hybrid,0.9457582235336304,0.0008960440214158239,20,0.31536020610630816,0.00040650406504065035,12.947055324211778,5.44913741820345,0.12411249992765676,0.8770903088036979,Conformal,0.005,tag,0.25,1.0,0
6,100,0.3,0.0,Harm,hybrid,0.9584295153617859,0.0007964835745918435,20,0.31140750696132924,0.00038667459845330166,12.459052151497124,5.837398373983739,0.10941551693532033,0.877143666934782,Conformal,0.005,tag,0.25,1.0,0
6,100,0.3,0.0,Harm,hybrid,0.9711008071899414,0.000696923127767863,20,0.3039151128850481,0.000347015665278604,11.974221693436446,6.219512195121951,0.09823319023190838,0.877180746397276,Conformal,0.005,tag,0.25,1.0,0
6,100,0.3,0.0,Harm,hybrid,0.9964433908462524,0.0005973626809438826,20,0.2937278381777097,0.0002776125322228832,11.042236763831053,6.941503073567321,0.07813988022257277,0.8772260871045474,Conformal,0.005,tag,0.25,1.0,0
6,100,0.3,0.0,Harm,hybrid,1.0217859745025635,0.0004978022341199022,20,0.28468384311969874,0.000198294665873488,10.250247868332341,7.506444576640888,0.0637209406071649,0.877266726504702,Conformal,0.005,tag,0.25,1.0,0
6,100,0.3,0.0,Harm,hybrid,1.0471285581588745,0.00039824178729592173,20,0.27599838019770506,0.000148720999405116,9.624628197501487,7.929803688280785,0.0538105764280476,0.8773029017362326,Conformal,0.005,tag,0.25,1.0,0
6,100,0.3,0.0,Harm,hybrid,1.0724711418151855,0.0002986813404719413,20,0.2702098163025304,7.93178663493952e-05,9.202260559190957,8.223279793773548,0.046716844462593256,0.8773195420228649,Conformal,0.005,tag,0.25,1.0,0
6,100,0.3,0.0,Harm,hybrid,1.3005542755126953,0.00019912089364796087,20,0.2595608401647167,9.9147332936744e-06,8.583581201665675,8.582986317668055,0.035318327270196,0.8773328723988139,Conformal,0.005,tag,0.25,1.0,0
6,100,0.3,0.0,Harm,hybrid,1.3005542755126953,9.956044682398043e-05,20,0.2595608401647167,9.9147332936744e-06,8.583581201665675,8.582986317668055,0.035318327270196,0.8773328723988139,Conformal,0.005,tag,0.25,1.0,0
6,100,0.3,0.0,Harm,hybrid,0.0,-1.0,20,0.6059872554960957,0.0023894507237755304,20.0,0.0,0.470455566787338,0.0,Conformal,0.005,tag,0.25,1.0,0
6,100,0.3,0.0,Harm,hybrid,1.3005542755126953,0.0,20,0.2595608401647167,9.9147332936744e-06,8.583581201665675,8.582986317668055,0.035318327270196,0.8773328723988139,Conformal,0.005,tag,0.25,1.0,0
7,100,0.3,0.0,Harm,hybrid,0.5842224359512329,0.0022844656336909017,20,0.5024379225602538,0.001976559396106476,19.82856575288041,0.799165673420739,0.6259285003873043,0.7392902559907991,Conformal,0.005,tag,0.25,1.0,0
7,100,0.3,0.0,Harm,hybrid,0.6628239154815674,0.0021892795656204478,20,0.4313541654608627,0.0018871672626142233,19.49145808502185,1.0359555025824394,0.5902414520397837,0.8510669856899916,Conformal,0.005,tag,0.25,1.0,0
7,100,0.3,0.0,Harm,hybrid,0.7021245956420898,0.0020940934975499934,20,0.4101102629173139,0.0017580452920143027,19.163289630512516,1.210766785856178,0.5580492855315548,0.8654581298363071,Conformal,0.005,tag,0.25,1.0,0
7,100,0.3,0.0,Harm,hybrid,0.7283251285552979,0.001998907429479539,20,0.3992703298304723,0.001688518077075884,18.851211760031784,1.3680969408025427,0.5282327922648664,0.8690658484211272,Conformal,0.005,tag,0.25,1.0,0
7,100,0.3,0.0,Harm,hybrid,0.7807260751724243,0.0019037213614090849,20,0.38350717513884336,0.001718315454906635,18.045292014302742,1.837902264600715,0.44738196910492634,0.8721383073359711,Conformal,0.005,tag,0.25,1.0,0
7,100,0.3,0.0,Harm,hybrid,0.8069265484809875,0.0018085352933386305,20,0.37472809419129,0.0014998013508144617,17.49264998013508,2.165673420738975,0.3929276614894906,0.8730014493377236,Conformal,0.005,tag,0.25,1.0,0
7,100,0.3,0.0,Harm,hybrid,0.8200268149375916,0.0017133492252681764,20,0.3725955908203102,0.0014600715137067942,17.170838299562973,2.358164481525626,0.36364892808179083,0.873248883112803,Conformal,0.005,tag,0.25,1.0,0
7,100,0.3,0.0,Harm,hybrid,0.8331270813941956,0.001618163157197722,20,0.3671139661247274,0.0013309495431068734,16.831744139849025,2.5729042510925706,0.3325798353509454,0.8733779438435597,Conformal,0.005,tag,0.25,1.0,0
7,100,0.3,0.0,Harm,hybrid,0.8593275547027588,0.0015229770891272679,20,0.35928437816421255,0.0012117600317838697,16.104886769964242,3.089789431863329,0.27222729343038793,0.8736695819515581,Conformal,0.005,tag,0.25,1.0,0
7,100,0.3,0.0,Harm,hybrid,0.885528028011322,0.0014277910210568137,20,0.3473533515441784,0.0010429082240762813,15.245729042510925,3.6881207787048074,0.21976667115277967,0.8739393294306238,Conformal,0.005,tag,0.25,1.0,0
7,100,0.3,0.0,Harm,hybrid,0.898628294467926,0.0013326049529863594,20,0.34200540920421163,0.0009435836313071116,14.794596742153358,4.034962256654747,0.1940092621020131,0.8740200776425238,Conformal,0.005,tag,0.25,1.0,0
7,100,0.3,0.0,Harm,hybrid,0.9117285013198853,0.0012374188849159052,20,0.3362222745172702,0.0008243941199841081,14.307111640842272,4.3875645609853,0.1723579796264411,0.8741343851705801,Conformal,0.005,tag,0.25,1.0,0
7,100,0.3,0.0,Harm,hybrid,0.9248287677764893,0.0011422328168454508,20,0.3298710919850237,0.0007151370679380213,13.794000794596743,4.7794994040524434,0.15161417940290953,0.8742040186073898,Conformal,0.005,tag,0.25,1.0,0
7,100,0.3,0.0,Harm,hybrid,0.9379289746284485,0.0010470467487749967,20,0.3235996642445123,0.0006058800158919348,13.293603496225666,5.190703218116806,0.13375860413419868,0.8742562617669831,Conformal,0.005,tag,0.25,1.0,0
7,100,0.3,0.0,Harm,hybrid,0.9510292410850525,0.0009518606807045424,20,0.3184102720695014,0.0005264203416765992,12.78466428287644,5.601311084624553,0.11748451044723236,0.8743103705010671,Conformal,0.005,tag,0.25,1.0,0
7,100,0.3,0.0,Harm,hybrid,0.9772297143936157,0.0008566746126340882,20,0.3051100381110943,0.0004072308303535956,11.79678188319428,6.396106475963449,0.09156794840335616,0.8743499478387375,Conformal,0.005,tag,0.25,1.0,0
7,100,0.3,0.0,Harm,hybrid,0.9903299808502197,0.0007614885445636339,20,0.29917900777226086,0.00033770361541517684,11.31227651966627,6.774334525228446,0.08132237441551751,0.8743755622222577,Conformal,0.005,tag,0.25,1.0,0
7,100,0.3,0.0,Harm,hybrid,0.9903299808502197,0.0006663024764931797,20,0.29917900777226086,0.00033770361541517684,11.31227651966627,6.774334525228446,0.08132237441551751,0.8743755622222577,Conformal,0.005,tag,0.25,1.0,0
7,100,0.3,0.0,Harm,hybrid,1.0165305137634277,0.0005711164084227254,20,0.2890301765328116,0.00022844656336909016,10.437425506555423,7.429479539133889,0.06623424329376794,0.8743970987682486,Conformal,0.005,tag,0.25,1.0,0
7,100,0.3,0.0,Harm,hybrid,1.0296306610107422,0.0004759303403522712,20,0.2836676596704332,0.00018871672626142235,10.046086611044895,7.6829558998808105,0.060079883020934956,0.8744065307475021,Conformal,0.005,tag,0.25,1.0,0
7,100,0.3,0.0,Harm,hybrid,1.0558311939239502,0.00038074427228181697,20,0.27596659058536555,0.00013905442987683752,9.470599920540327,8.05502582439412,0.05106329422428863,0.8744284274218491,Conformal,0.005,tag,0.25,1.0,0
7,100,0.3,0.0,Harm,hybrid,1.0951318740844727,0.0002855582042113627,20,0.2674133707067419,5.959475566150179e-05,8.95927691696464,8.371275327771157,0.04249629766824146,0.8744790350449745,Conformal,0.005,tag,0.25,1.0,0
7,100,0.3,0.0,Harm,hybrid,1.34403657913208,0.00019037213614090848,20,0.26093204006592663,2.9797377830750898e-05,8.58144616607072,8.58144616607072,0.03548535094640771,0.8744983513881324,Conformal,0.005,tag,0.25,1.0,0
7,100,0.3,0.0,Harm,hybrid,1.34403657913208,9.518606807045424e-05,20,0.26093204006592663,2.9797377830750898e-05,8.58144616607072,8.58144616607072,0.03548535094640771,0.8744983513881324,Conformal,0.005,tag,0.25,1.0,0
7,100,0.3,0.0,Harm,hybrid,0.0,-1.0,20,0.6068864702549048,0.0022844656336909017,20.0,0.0,0.4677601083095655,0.0,Conformal,0.005,tag,0.25,1.0,0
7,100,0.3,0.0,Harm,hybrid,1.34403657913208,0.0,20,0.26093204006592663,2.9797377830750898e-05,8.58144616607072,8.58144616607072,0.03548535094640771,0.8744983513881324,Conformal,0.005,tag,0.25,1.0,0
8,100,0.3,0.0,Harm,hybrid,0.5763145685195923,0.0022497522299306247,20,0.49874969376532335,0.0020317145688800793,19.813875123885033,0.8364717542120912,0.6199923857892389,0.7510023245400944,Conformal,0.005,tag,0.25,1.0,0
8,100,0.3,0.0,Harm,hybrid,0.6135960817337036,0.0021560125536835154,20,0.4624909001358169,0.0019623389494549063,19.68880079286422,0.9395441030723488,0.6059261062654439,0.8183290375656417,Conformal,0.005,tag,0.25,1.0,0
8,100,0.3,0.0,Harm,hybrid,0.6633046865463257,0.002062272877436406,20,0.4250270851394144,0.0018731417244796827,19.405550049554012,1.1226957383548068,0.5762765272293296,0.8586435139623497,Conformal,0.005,tag,0.25,1.0,0
8,100,0.3,0.0,Harm,hybrid,0.700586199760437,0.0019685332011892967,20,0.40599875671588476,0.001823587710604559,19.059266600594647,1.3278493557978197,0.5427256883632935,0.8689223583254011,Conformal,0.005,tag,0.25,1.0,0
8,100,0.3,0.0,Harm,hybrid,0.725440502166748,0.0018747935249421874,20,0.3973167931053332,0.0017542120911793854,18.742517343904858,1.5022794846382557,0.5130318329716778,0.8722917834014837,Conformal,0.005,tag,0.25,1.0,0
8,100,0.3,0.0,Harm,hybrid,0.7627220153808594,0.001781053848695078,20,0.3866955548464032,0.0015857284440039642,18.133597621407333,1.848364717542121,0.4537258058422455,0.8743107064217776,Conformal,0.005,tag,0.25,1.0,0
8,100,0.3,0.0,Harm,hybrid,0.8000035285949707,0.0016873141724479685,20,0.3743677828419117,0.0014271555996035678,17.34291377601586,2.317343904856293,0.3780528047141145,0.8753800813539395,Conformal,0.005,tag,0.25,1.0,0
8,100,0.3,0.0,Harm,hybrid,0.812430739402771,0.0015935744962008592,20,0.3727735129803522,0.001377601585728444,17.039048562933598,2.5125867195242813,0.3499592199545407,0.8756982505155275,Conformal,0.005,tag,0.25,1.0,0
8,100,0.3,0.0,Harm,hybrid,0.8248579502105713,0.0014998348199537499,20,0.3690124740028207,0.0012289395441030721,16.717145688800795,2.726461843409316,0.32251836299528586,0.8758946164480779,Conformal,0.005,tag,0.25,1.0,0
8,100,0.3,0.0,Harm,hybrid,0.837285041809082,0.0014060951437066406,20,0.3637478955353568,0.0011595639246778989,16.369871159563925,2.949653121902874,0.29398319160910946,0.8760546017169253,Conformal,0.005,tag,0.25,1.0,0
8,100,0.3,0.0,Harm,hybrid,0.8621394634246826,0.0013123554674595312,20,0.35501366838674564,0.000981169474727453,15.619226957383548,3.4917740336967293,0.24171171995942556,0.876335594770635,Conformal,0.005,tag,0.25,1.0,0
8,100,0.3,0.0,Harm,hybrid,0.8869937658309937,0.0012186157912124217,20,0.3428995629572465,0.0008027750247770071,14.745094152626363,4.133399405351834,0.19439920535055036,0.8765107704316449,Conformal,0.005,tag,0.25,1.0,0
8,100,0.3,0.0,Harm,hybrid,0.899420976638794,0.0011248761149653124,20,0.33923799183470055,0.0008027750247770071,14.302279484638255,4.475322101090188,0.17277553055318645,0.8765698174758151,Conformal,0.005,tag,0.25,1.0,0
8,100,0.3,0.0,Harm,hybrid,0.9118480682373047,0.001031136438718203,20,0.3331971287691402,0.0007333994053518335,13.845193260654113,4.841625371655104,0.15424546216744606,0.8765983246344876,Conformal,0.005,tag,0.25,1.0,0
8,100,0.3,0.0,Harm,hybrid,0.924275279045105,0.0009373967624710937,20,0.327594990219787,0.0006640237859266601,13.359167492566899,5.216650148662041,0.13730232854859667,0.8766188206879229,Conformal,0.005,tag,0.25,1.0,0
8,100,0.3,0.0,Harm,hybrid,0.9367023706436157,0.0008436570862239843,20,0.3213256701934619,0.0005252725470763132,12.865014866204163,5.58017839444995,0.12157600912252546,0.8766614625639296,Conformal,0.005,tag,0.25,1.0,0
8,100,0.3,0.0,Harm,hybrid,0.9615567922592163,0.0007499174099768749,20,0.310252405573205,0.0004261645193260655,11.905252725470763,6.306838453914767,0.0953050346805007,0.8767470640459681,Conformal,0.005,tag,0.25,1.0,0
8,100,0.3,0.0,Harm,hybrid,0.973983883857727,0.0006561777337297656,20,0.30222193652303836,0.0004063429137760158,11.443607532210109,6.654707631318137,0.08561150387464336,0.8767636059131361,Conformal,0.005,tag,0.25,1.0,0
8,100,0.3,0.0,Harm,hybrid,0.9864110946655273,0.0005624380574826562,20,0.298587805676873,0.00033696729435084245,10.998017839444994,6.992666005946481,0.07769266799385822,0.8767805667067975,Conformal,0.005,tag,0.25,1.0,0
8,100,0.3,0.0,Harm,hybrid,0.9988383054733276,0.00046869838123554685,20,0.29326637258185495,0.00029732408325074334,10.586917740336967,7.288404360753221,0.06928789616162855,0.8767986841962326,Conformal,0.005,tag,0.25,1.0,0
8,100,0.3,0.0,Harm,hybrid,1.0236926078796387,0.00037495870498843747,20,0.28634181691404487,0.0002279484638255699,9.886818632309216,7.772447968285431,0.05877621122469346,0.8768413888809825,Conformal,0.005,tag,0.25,1.0,0
8,100,0.3,0.0,Harm,hybrid,1.0734013319015503,0.0002812190287413281,20,0.2743943011718818,8.9197224975223e-05,9.069772051536175,8.318334985133795,0.044842323386463274,0.8768781824400049,Conformal,0.005,tag,0.25,1.0,0
8,100,0.3,0.0,Harm,hybrid,1.309517502784729,0.00018747935249421874,20,0.26333672332007746,2.9732408325074337e-05,8.6,8.599603567888998,0.03597984913990707,0.8769022803529408,Conformal,0.005,tag,0.25,1.0,0
8,100,0.3,0.0,Harm,hybrid,1.309517502784729,9.373967624710937e-05,20,0.26333672332007746,2.9732408325074337e-05,8.6,8.599603567888998,0.03597984913990707,0.8769022803529408,Conformal,0.005,tag,0.25,1.0,0
8,100,0.3,0.0,Harm,hybrid,0.0,-1.0,20,0.6051210014707502,0.0022497522299306247,20.0,0.0,0.4657024030951333,0.0,Conformal,0.005,tag,0.25,1.0,0
8,100,0.3,0.0,Harm,hybrid,1.309517502784729,0.0,20,0.26333672332007746,2.9732408325074337e-05,8.6,8.599603567888998,0.03597984913990707,0.8769022803529408,Conformal,0.005,tag,0.25,1.0,0
9,100,0.3,0.0,Harm,hybrid,0.44227904081344604,0.0025851822503961965,20,0.5965603113926599,0.002545562599049129,19.98553882725832,0.45839936608557846,0.6507153223789153,0.3112927707773825,Conformal,0.005,tag,0.25,1.0,0
9,100,0.3,0.0,Harm,hybrid,0.46829545497894287,0.002477466323296355,20,0.5863960165787161,0.0025158478605388276,19.972662440570524,0.5423930269413629,0.6500609524205067,0.38888855821555796,Conformal,0.005,tag,0.25,1.0,0
9,100,0.3,0.0,Harm,hybrid,0.5073200464248657,0.0023697503961965134,20,0.5661229142808911,0.002476228209191759,19.945126782884312,0.6519413629160064,0.6470424415785636,0.5208231363420027,Conformal,0.005,tag,0.25,1.0,0
9,100,0.3,0.0,Harm,hybrid,0.5593528747558594,0.002262034469096672,20,0.5220662300121918,0.002347464342313788,19.871830427892235,0.7672345483359746,0.6380965608773544,0.6934206857390135,Conformal,0.005,tag,0.25,1.0,0
9,100,0.3,0.0,Harm,hybrid,0.6374021768569946,0.0021543185419968303,20,0.4471100465928354,0.002159270998415214,19.57745641838352,0.9790015847860539,0.6093947445311503,0.8370394264753501,Conformal,0.005,tag,0.25,1.0,0
9,100,0.3,0.0,Harm,hybrid,0.6764267683029175,0.002046602614896989,20,0.4173965295290776,0.0021691759112519807,19.322107765451666,1.1347068145800316,0.581679889655031,0.8595338605942352,Conformal,0.005,tag,0.25,1.0,0
9,100,0.3,0.0,Harm,hybrid,0.7284595966339111,0.0019388866877971475,20,0.3964620829065593,0.0019215530903328054,18.759112519809825,1.447107765451664,0.5263333438488406,0.8696080337320329,Conformal,0.005,tag,0.25,1.0,0
9,100,0.3,0.0,Harm,hybrid,0.767484188079834,0.001831170760697306,20,0.38585890007533397,0.0016045958795562602,18.140847860538827,1.7914025356576861,0.4620928711154801,0.8723012525773902,Conformal,0.005,tag,0.25,1.0,0
9,100,0.3,0.0,Harm,hybrid,0.7935006618499756,0.0017234548335974644,20,0.37721569040436376,0.0014362123613312202,17.6020206022187,2.1095483359746434,0.4066767262455759,0.8731603471884825,Conformal,0.005,tag,0.25,1.0,0
9,100,0.3,0.0,Harm,hybrid,0.8195170164108276,0.0016157389064976229,20,0.3701698913282702,0.001317353407290016,16.95622028526149,2.4845483359746434,0.34831891746993615,0.8737024387897911,Conformal,0.005,tag,0.25,1.0,0
9,100,0.3,0.0,Harm,hybrid,0.8455334901809692,0.0015080229793977813,20,0.3588307886555809,0.001089540412044374,16.246038034865293,2.960578446909667,0.28899235634268944,0.8741164174782232,Conformal,0.005,tag,0.25,1.0,0
9,100,0.3,0.0,Harm,hybrid,0.8585416674613953,0.0014003070522979398,20,0.3529725673778048,0.0010003961965134708,15.847068145800318,3.238312202852615,0.2603596599568474,0.8742919879233614,Conformal,0.005,tag,0.25,1.0,0
9,100,0.3,0.0,Harm,hybrid,0.8845580816268921,0.0012925911251980983,20,0.34110301086591205,0.0009112519809825675,14.993858954041205,3.8716323296354993,0.20778866670588644,0.8745430223062408,Conformal,0.005,tag,0.25,1.0,0
9,100,0.3,0.0,Harm,hybrid,0.8975663185119629,0.0011848751980982567,20,0.33494321149784523,0.0008419175911251981,14.525752773375594,4.2200871632329635,0.18419820638208326,0.8746479320642369,Conformal,0.005,tag,0.25,1.0,0
9,100,0.3,0.0,Harm,hybrid,0.9105744957923889,0.0010771592709984152,20,0.3308763498911364,0.0008122028526148971,14.039421553090333,4.586767036450079,0.16380511691407895,0.8747356755858685,Conformal,0.005,tag,0.25,1.0,0
9,100,0.3,0.0,Harm,hybrid,0.9235826730728149,0.0009694433438985737,20,0.3227427019848048,0.0007329635499207607,13.544968304278923,4.980982567353407,0.1449466707260693,0.8748139562282845,Conformal,0.005,tag,0.25,1.0,0
9,100,0.3,0.0,Harm,hybrid,0.9495991468429565,0.0008617274167987322,20,0.3108594040868126,0.0005447702060221871,12.528328050713153,5.766640253565769,0.11320474651698462,0.8749469483912854,Conformal,0.005,tag,0.25,1.0,0
9,100,0.3,0.0,Harm,hybrid,0.9626073241233826,0.0007540114896988907,20,0.305659537019589,0.0004952456418383518,12.04001584786054,6.176505546751189,0.0998385721287275,0.8749834627377564,Conformal,0.005,tag,0.25,1.0,0
9,100,0.3,0.0,Harm,hybrid,0.9756155014038086,0.0006462955625990491,20,0.2988455223213037,0.00038629160063391444,11.559627575277338,6.554675118858954,0.0890576687286171,0.8749977745629245,Conformal,0.005,tag,0.25,1.0,0
9,100,0.3,0.0,Harm,hybrid,1.0016319751739502,0.0005385796354992076,20,0.288939614097669,0.00029714738510301116,10.658280507131538,7.236925515055468,0.0714856832061543,0.8750208390284485,Conformal,0.005,tag,0.25,1.0,0
9,100,0.3,0.0,Harm,hybrid,1.0276483297348022,0.0004308637083993661,20,0.28079473786819165,0.00020800316957210783,9.914421553090333,7.764263074484944,0.05867329287031876,0.8750386868769473,Conformal,0.005,tag,0.25,1.0,0
9,100,0.3,0.0,Harm,hybrid,1.0666730403900146,0.00032314778129952456,20,0.2702665416443278,0.0001089540412044374,9.191957210776545,8.23771790808241,0.047744330343261414,0.8750717434595878,Conformal,0.005,tag,0.25,1.0,0
9,100,0.3,0.0,Harm,hybrid,1.2878124713897705,0.00021543185419968305,20,0.25903131728822154,1.9809825673534074e-05,8.59825673534073,8.597662440570524,0.037000628448886165,0.8750916748157331,Conformal,0.005,tag,0.25,1.0,0
9,100,0.3,0.0,Harm,hybrid,1.2878124713897705,0.00010771592709984153,20,0.25903131728822154,1.9809825673534074e-05,8.59825673534073,8.597662440570524,0.037000628448886165,0.8750916748157331,Conformal,0.005,tag,0.25,1.0,0
9,100,0.3,0.0,Harm,hybrid,0.0,-1.0,20,0.6123313135839319,0.0025851822503961965,20.0,0.0,0.47452069760691057,0.0,Conformal,0.005,tag,0.25,1.0,0
9,100,0.3,0.0,Harm,hybrid,1.2878124713897705,0.0,20,0.25903131728822154,1.9809825673534074e-05,8.59825673534073,8.597662440570524,0.037000628448886165,0.8750916748157331,Conformal,0.005,tag,0.25,1.0,0
